,annual_income,loan_amount,debt_to_income,credit_utilization,num_credit_lines,total_credit_limit,revolving_balance,num_delinquencies,months_since_delinquency,num_inquiries_6m,months_employed,interest_rate,loan_term,installment_amount,default
count,100000.0,100000.0,100000.0,100000.0,100000.0,100000.0,100000.0,100000.0,19487.0,100000.0,98000.0,100000.0,100000.0,100000.0,100000.0
mean,67596.16773648579,28575.044116815723,17.11468741753574,40.10884369044448,7.9879,49538.00327202082,19853.147440174187,0.376,24.04040597529931,1.4991,60.208551229629535,14.537599479443822,45.5928,859.9018044467226,0.15
std,61030.53357414094,24964.18089736866,9.59262472157542,19.97274125513176,2.8313801859053775,30125.372659082008,16587.361018029787,0.8917690017709323,24.241477938645783,1.22580349809509,60.203453741976695,3.431046528307131,11.756137555664372,780.3564572272343,0.3570732067976399
min,15000.0,1501.5373055516084,0.05846944517039707,0.016669710443974195,1.0,5000.0,5.065240836136582,0.0,0.0005412208714850296,0.0,0.00030195656576594725,5.5,36.0,31.03852069700545,0.0
25%,28578.354904088144,10530.643213868076,9.639100669182683,24.38038231103787,6.0,30172.642350340135,8899.878134886836,0.0,6.8410292615804345,1.0,17.232037198413643,12.154346773506973,36.0,308.1858913182857,0.0
50%,49124.82020712924,19945.29261728986,15.855198611768614,38.788522434339185,8.0,41498.86586289786,15548.599962613569,0.0,16.519825333592816,1.0,41.88850919110058,14.310431981569838,36.0,588.4978038045574,0.0
75%,84248.9815115795,38143.00414579861,23.299916637343596,54.501147292628715,10.0,59310.492663750694,25463.301017295922,0.0,33.30367520865653,2.0,83.42027902199992,16.657152636920056,60.0,1138.0319964757693,0.0
max,500000.0,100000.0,56.061003367893896,99.17807402768129,22.0,200000.0,150000.0,9.0,304.9426126662235,9.0,480.0,30.0,60.0,4182.921250149225,1.0
