feature,iv,interpretation
grade,0.06312699671700366,Weak
employment_status,0.0010365088525036243,Not useful
home_ownership,0.0009736250667701067,Not useful
loan_purpose,0.0008549146551341776,Not useful
